[
  {
    "value": "🍅 Fresh Food",
    "synonyms": [
      "🍅 Fresh Food",
      "fresh food",
      "🍅"
    ]
  },
  {
    "value": "📚 Education",
    "synonyms": [
      "📚 Education",
      "Education",
      "📚"
    ]
  },
  {
    "value": "🍽 Food",
    "synonyms": [
      "🍽 Food",
      "food",
      "🍽"
    ]
  },
  {
    "value": "😷 Health Services",
    "synonyms": [
      "😷 Health Services",
      "health services",
      "😷"
    ]
  },
  {
    "value": "💆 Personal Services",
    "synonyms": [
      "💆 Personal Services",
      "personal services",
      "personal",
      "💆"
    ]
  },
  {
    "value": "💻 Electronics",
    "synonyms": [
      "💻 Electronics",
      "electronics",
      "💻"
    ]
  },
  {
    "value": "🚘 Auto Spare",
    "synonyms": [
      "🚘 Auto Spare",
      "auto spare",
      "🚘"
    ]
  },
  {
    "value": "💡Other",
    "synonyms": [
      "💡Other",
      "💡"
    ]
  }
]