[
  {
    "id": "0e970391-05fc-4e85-889b-850883ec66ac",
    "data": [
      {
        "text": "Checkin ",
        "userDefined": false
      },
      {
        "text": "for",
        "alias": "pic2",
        "meta": "@sys.any",
        "userDefined": true
      },
      {
        "text": " flight ",
        "userDefined": false
      },
      {
        "text": "X34",
        "alias": "flight",
        "meta": "@sys.any",
        "userDefined": false
      },
      {
        "text": " ",
        "userDefined": false
      },
      {
        "text": "Booking",
        "alias": "accept",
        "meta": "@sys.any",
        "userDefined": true
      },
      {
        "text": " ",
        "userDefined": false
      },
      {
        "text": "1234",
        "alias": "booking",
        "meta": "@action",
        "userDefined": false
      },
      {
        "text": " Last ",
        "userDefined": false
      },
      {
        "text": "Name",
        "alias": "pic1",
        "meta": "@sys.any",
        "userDefined": true
      },
      {
        "text": " ",
        "userDefined": false
      },
      {
        "text": "Camacho",
        "alias": "apellido",
        "meta": "@sys.any",
        "userDefined": true
      }
    ],
    "isTemplate": false,
    "count": 0,
    "updated": 0
  },
  {
    "id": "2a981ca9-91ec-4fc4-a8d0-f729ecdd73d5",
    "data": [
      {
        "text": "checkin",
        "alias": "action",
        "meta": "@action",
        "userDefined": true
      },
      {
        "text": " now",
        "userDefined": false
      }
    ],
    "isTemplate": false,
    "count": 0,
    "updated": 0
  },
  {
    "id": "ab5f1931-21f1-4668-8e75-3b0d8577e49c",
    "data": [
      {
        "text": "I want to ",
        "userDefined": false
      },
      {
        "text": "check in",
        "alias": "action",
        "meta": "@action",
        "userDefined": true
      }
    ],
    "isTemplate": false,
    "count": 0,
    "updated": 0
  },
  {
    "id": "d3433603-a0bc-4331-b447-5e8e20a1a04a",
    "data": [
      {
        "text": "check-in",
        "alias": "action",
        "meta": "@action",
        "userDefined": true
      }
    ],
    "isTemplate": false,
    "count": 0,
    "updated": 0
  },
  {
    "id": "8dafdf24-b361-468d-a977-ab25af9645e9",
    "data": [
      {
        "text": "checkin",
        "alias": "action",
        "meta": "@action",
        "userDefined": true
      }
    ],
    "isTemplate": false,
    "count": 0,
    "updated": 0
  },
  {
    "id": "d8234a29-8b90-45aa-93cb-1c6313bdfcb6",
    "data": [
      {
        "text": "💻",
        "alias": "action",
        "meta": "@action",
        "userDefined": true
      }
    ],
    "isTemplate": false,
    "count": 0,
    "updated": 0
  }
]