[
  {
    "id": "93852cab-592d-4330-887b-f066cfe95f65",
    "data": [
      {
        "text": "make a ",
        "userDefined": false
      },
      {
        "text": "health care",
        "alias": "insurance",
        "meta": "@insurance",
        "userDefined": true
      },
      {
        "text": " claim ",
        "userDefined": false
      },
      {
        "text": "leo",
        "alias": "name",
        "meta": "@sys.any",
        "userDefined": true
      },
      {
        "text": " ",
        "userDefined": false
      },
      {
        "text": "123",
        "alias": "id",
        "meta": "@sys.number",
        "userDefined": false
      },
      {
        "text": " ",
        "userDefined": false
      },
      {
        "text": "picture",
        "alias": "picture",
        "meta": "@sys.any",
        "userDefined": true
      },
      {
        "text": " ",
        "userDefined": false
      },
      {
        "text": "covid",
        "alias": "treatment",
        "meta": "@insurance",
        "userDefined": true
      },
      {
        "text": " ",
        "userDefined": false
      },
      {
        "text": "image",
        "alias": "invoice",
        "meta": "@sys.any",
        "userDefined": true
      },
      {
        "text": " ",
        "userDefined": false
      },
      {
        "text": "correct",
        "alias": "any",
        "meta": "@sys.any",
        "userDefined": true
      }
    ],
    "isTemplate": false,
    "count": 0,
    "updated": 0
  },
  {
    "id": "1986098a-4e46-401d-87ea-d4e1386b08e3",
    "data": [
      {
        "text": "claim",
        "alias": "action",
        "meta": "@action",
        "userDefined": true
      }
    ],
    "isTemplate": false,
    "count": 0,
    "updated": 0
  },
  {
    "id": "0b21d399-8e65-43b5-87bd-3ca24584caa2",
    "data": [
      {
        "text": "make a claim",
        "alias": "action",
        "meta": "@action",
        "userDefined": true
      }
    ],
    "isTemplate": false,
    "count": 0,
    "updated": 0
  },
  {
    "id": "0fe43075-1f45-4385-a706-7f79fe5ab366",
    "data": [
      {
        "text": "claims",
        "alias": "action",
        "meta": "@action",
        "userDefined": true
      }
    ],
    "isTemplate": false,
    "count": 0,
    "updated": 0
  }
]