[
  {
    "id": "fdcf6d2b-bbef-4c3d-bf3f-75919849b7d4",
    "data": [
      {
        "text": "Hi ",
        "userDefined": false
      },
      {
        "text": "a",
        "alias": "action",
        "meta": "@action",
        "userDefined": true
      },
      {
        "text": ",",
        "userDefined": false
      },
      {
        "text": "b",
        "alias": "name",
        "meta": "@sys.any",
        "userDefined": true
      },
      {
        "text": ",",
        "userDefined": false
      },
      {
        "text": "c",
        "alias": "action1",
        "meta": "@action",
        "userDefined": true
      },
      {
        "text": ",",
        "userDefined": false
      },
      {
        "text": "d",
        "alias": "any3",
        "meta": "@sys.any",
        "userDefined": true
      },
      {
        "text": ",",
        "userDefined": false
      },
      {
        "text": "e,",
        "alias": "action2",
        "meta": "@action",
        "userDefined": true
      },
      {
        "text": " , ",
        "userDefined": false
      },
      {
        "text": "g",
        "alias": "any5",
        "meta": "@sys.any",
        "userDefined": true
      },
      {
        "text": " ",
        "userDefined": false
      },
      {
        "text": "h",
        "alias": "any6",
        "meta": "@sys.any",
        "userDefined": true
      },
      {
        "text": " ",
        "userDefined": false
      },
      {
        "text": "i,",
        "alias": "any7",
        "meta": "@sys.any",
        "userDefined": true
      },
      {
        "text": " ",
        "userDefined": false
      },
      {
        "text": "p",
        "alias": "any1",
        "meta": "@sys.any",
        "userDefined": true
      },
      {
        "text": " ",
        "userDefined": false
      },
      {
        "text": "h,",
        "alias": "any8",
        "meta": "@sys.any",
        "userDefined": true
      },
      {
        "text": " ",
        "userDefined": false
      },
      {
        "text": "K",
        "alias": "any9",
        "meta": "@sys.any",
        "userDefined": true
      }
    ],
    "isTemplate": false,
    "count": 0,
    "updated": 0
  },
  {
    "id": "47672322-8f6d-41d0-877f-a5500b6c6046",
    "data": [
      {
        "text": "hey insurebot",
        "userDefined": false
      }
    ],
    "isTemplate": false,
    "count": 0,
    "updated": 0
  },
  {
    "id": "4e12d7d5-25cf-4365-9f47-cd31d16fc3a1",
    "data": [
      {
        "text": "hi bot",
        "userDefined": false
      }
    ],
    "isTemplate": false,
    "count": 0,
    "updated": 0
  },
  {
    "id": "efa75daf-0b5d-4afd-bb21-7ff3d76bdc01",
    "data": [
      {
        "text": "agree",
        "alias": "terms",
        "meta": "@terms",
        "userDefined": true
      }
    ],
    "isTemplate": false,
    "count": 0,
    "updated": 0
  },
  {
    "id": "a9de28ad-a240-4951-ac14-9b1464ccbd04",
    "data": [
      {
        "text": "Hi I agree",
        "userDefined": false
      }
    ],
    "isTemplate": false,
    "count": 0,
    "updated": 0
  },
  {
    "id": "ed9a35fb-1551-44a1-b390-13d655b86f9e",
    "data": [
      {
        "text": "Hep",
        "userDefined": false
      }
    ],
    "isTemplate": false,
    "count": 0,
    "updated": 0
  },
  {
    "id": "1016bb19-7cb4-478a-a5ef-03a92cc4dbc9",
    "data": [
      {
        "text": "Heelp",
        "userDefined": false
      }
    ],
    "isTemplate": false,
    "count": 0,
    "updated": 0
  },
  {
    "id": "98488ae5-4d90-4a10-8c04-de6915eadf6f",
    "data": [
      {
        "text": "help",
        "userDefined": false
      }
    ],
    "isTemplate": false,
    "count": 1,
    "updated": 0
  },
  {
    "id": "97d72a67-463e-4a32-8deb-2038ca18d4db",
    "data": [
      {
        "text": "Que es esto?",
        "userDefined": false
      }
    ],
    "isTemplate": false,
    "count": 0,
    "updated": 0
  },
  {
    "id": "8189bf67-7182-43c6-bc11-40bf737d4935",
    "data": [
      {
        "text": "wey",
        "meta": "@sys.ignore",
        "userDefined": true
      }
    ],
    "isTemplate": false,
    "count": 0,
    "updated": 0
  },
  {
    "id": "6a3ff343-013d-49c3-af25-ade8eb13024c",
    "data": [
      {
        "text": "hey bro",
        "userDefined": false
      }
    ],
    "isTemplate": false,
    "count": 0,
    "updated": 0
  },
  {
    "id": "0b480dd6-b055-4953-9244-f5dd942aca37",
    "data": [
      {
        "text": "ayuda",
        "userDefined": false
      }
    ],
    "isTemplate": false,
    "count": 0,
    "updated": 0
  },
  {
    "id": "126ef57a-2ec1-4d85-b529-a06b0bc8c5d6",
    "data": [
      {
        "text": "hola",
        "userDefined": false
      }
    ],
    "isTemplate": false,
    "count": 0,
    "updated": 0
  },
  {
    "id": "87be83c3-9938-4546-b5d1-e2350855a3fd",
    "data": [
      {
        "text": "helpme",
        "userDefined": false
      }
    ],
    "isTemplate": false,
    "count": 0,
    "updated": 0
  },
  {
    "id": "e78cd071-268c-45b6-923d-e30596fb1a07",
    "data": [
      {
        "text": "what about you",
        "userDefined": false
      }
    ],
    "isTemplate": false,
    "count": 0,
    "updated": 0
  },
  {
    "id": "4f10f142-030b-4ea1-a195-0b66b66aeb40",
    "data": [
      {
        "text": "let\u0027s start",
        "userDefined": false
      }
    ],
    "isTemplate": false,
    "count": 0,
    "updated": 0
  },
  {
    "id": "7b01d8ec-80bd-4f58-b642-36835ba54bef",
    "data": [
      {
        "text": "gell",
        "userDefined": false
      }
    ],
    "isTemplate": false,
    "count": 0,
    "updated": 0
  },
  {
    "id": "1085a028-9246-497f-a1c9-00abc4018ceb",
    "data": [
      {
        "text": "heeelp 😱",
        "userDefined": false
      }
    ],
    "isTemplate": false,
    "count": 0,
    "updated": 0
  },
  {
    "id": "50f9fce5-b1ba-4d67-a320-0e52edc6cab7",
    "data": [
      {
        "text": "help 😱",
        "userDefined": false
      }
    ],
    "isTemplate": false,
    "count": 0,
    "updated": 0
  },
  {
    "id": "77d858c7-ae28-4958-a5d4-8b7692784b53",
    "data": [
      {
        "text": "heeelp",
        "userDefined": false
      }
    ],
    "isTemplate": false,
    "count": 1,
    "updated": 0
  },
  {
    "id": "1eb59fcb-a845-455b-97e2-4f288a1312fe",
    "data": [
      {
        "text": "just going to say hi",
        "userDefined": false
      }
    ],
    "isTemplate": false,
    "count": 0,
    "updated": 0
  },
  {
    "id": "45fb8ec3-8fe9-4ece-b5f6-f3b165865031",
    "data": [
      {
        "text": "heya",
        "userDefined": false
      }
    ],
    "isTemplate": false,
    "count": 0,
    "updated": 0
  },
  {
    "id": "9278e244-5f76-470b-b80a-d1d8ecf0a090",
    "data": [
      {
        "text": "hello hi",
        "userDefined": false
      }
    ],
    "isTemplate": false,
    "count": 0,
    "updated": 0
  },
  {
    "id": "49d6df0b-e9a6-4106-8a2d-c6211ac66845",
    "data": [
      {
        "text": "howdy",
        "userDefined": false
      }
    ],
    "isTemplate": false,
    "count": 0,
    "updated": 0
  },
  {
    "id": "9d1718d6-eaa7-4d5d-8623-203ce18927c7",
    "data": [
      {
        "text": "hey there",
        "userDefined": false
      }
    ],
    "isTemplate": false,
    "count": 0,
    "updated": 0
  },
  {
    "id": "8ecd1ac0-c4a4-4b19-b508-eca2dacca313",
    "data": [
      {
        "text": "hi there",
        "userDefined": false
      }
    ],
    "isTemplate": false,
    "count": 1,
    "updated": 0
  },
  {
    "id": "77cf0ed0-54d0-4c7a-a453-de4c1befdcf6",
    "data": [
      {
        "text": "greetings",
        "userDefined": false
      }
    ],
    "isTemplate": false,
    "count": 0,
    "updated": 0
  },
  {
    "id": "540556f1-b756-4ab7-bc93-cffe9076adae",
    "data": [
      {
        "text": "hey",
        "userDefined": false
      }
    ],
    "isTemplate": false,
    "count": 0,
    "updated": 0
  },
  {
    "id": "fb4a264f-d092-421c-903e-a6c782976390",
    "data": [
      {
        "text": "long time no see",
        "userDefined": false
      }
    ],
    "isTemplate": false,
    "count": 0,
    "updated": 0
  },
  {
    "id": "2b2937dc-55ae-4495-a777-52e5044bf4f0",
    "data": [
      {
        "text": "hello",
        "userDefined": false
      }
    ],
    "isTemplate": false,
    "count": 0,
    "updated": 0
  },
  {
    "id": "db3cc1ca-7e96-4eef-b783-2cad81bc2ab9",
    "data": [
      {
        "text": "lovely day isn\u0027t it",
        "userDefined": false
      }
    ],
    "isTemplate": false,
    "count": 0,
    "updated": 0
  },
  {
    "id": "4e439f73-d9b9-445c-bc4c-bdc4404d3232",
    "data": [
      {
        "text": "I greet you",
        "userDefined": false
      }
    ],
    "isTemplate": false,
    "count": 0,
    "updated": 0
  },
  {
    "id": "fa2cddf5-871d-43c3-b848-8e39826d69e0",
    "data": [
      {
        "text": "hello again",
        "userDefined": false
      }
    ],
    "isTemplate": false,
    "count": 0,
    "updated": 0
  },
  {
    "id": "12d244bf-345e-4ac4-ad53-47afa283fe77",
    "data": [
      {
        "text": "hi",
        "userDefined": false
      }
    ],
    "isTemplate": false,
    "count": 0,
    "updated": 0
  },
  {
    "id": "34482fe9-e159-427f-a622-0c6902bf835a",
    "data": [
      {
        "text": "hello there",
        "userDefined": false
      }
    ],
    "isTemplate": false,
    "count": 0,
    "updated": 0
  },
  {
    "id": "9d28b176-d533-4831-899b-caff6368294a",
    "data": [
      {
        "text": "a good day",
        "userDefined": false
      }
    ],
    "isTemplate": false,
    "count": 0,
    "updated": 0
  }
]